{"flutter":{"platforms":{"android":{"default":{"projectId":"schedule-c7d10","appId":"1:64597610229:android:289e9a6a0f6c1dbdc47fbc","fileOutput":"android/app/google-services.json"}},"dart":{"lib/firebase_options.dart":{"projectId":"schedule-c7d10","configurations":{"android":"1:64597610229:android:289e9a6a0f6c1dbdc47fbc","ios":"1:64597610229:ios:1b1d87315f556480c47fbc","macos":"1:64597610229:ios:1b1d87315f556480c47fbc","web":"1:64597610229:web:a71f484c550c324ac47fbc","windows":"1:64597610229:web:b3d3d2f7a2749f80c47fbc"}}}}}}