{
  "project_info": {
    "project_number": "64597610229",
    "project_id": "schedule-c7d10",
    "storage_bucket": "schedule-c7d10.firebasestorage.app"
  },
  "client": [
    {
      "client_info": {
        "mobilesdk_app_id": "1:64597610229:android:289e9a6a0f6c1dbdc47fbc",
        "android_client_info": {
          "package_name": "com.example.calender_app"
        }
      },
      "oauth_client": [],
      "api_key": [
        {
          "current_key": "AIzaSyD_KUHMtsCE6gKZ3tZn4rU7woYSOG0kp9k"
        }
      ],
      "services": {
        "appinvite_service": {
          "other_platform_oauth_client": []
        }
      }
    }
  ],
  "configuration_version": "1"
}